series,model,VUS-PR,AUC-PR,Affiliation-F,Standard-F1,PA-F1
ec2_cpu_utilization_24ae8d.csv,threshold,0.12367833653043508,0.10678317496970463,0.7885267569194725,0.1814472330153423,0.9840881272949816
ec2_cpu_utilization_24ae8d.csv,iforest,0.16995139972999976,0.14312022169506788,0.7801142434013321,0.2026585434232209,0.9745454545454545
ec2_cpu_utilization_24ae8d.csv,MOMENT-zeroshot,0.13928723721979358,0.11713521704688706,0.7737591371426255,0.1845548010372325,0.9840881272949816
ec2_cpu_utilization_53ea38.csv,threshold,0.15472915333805345,0.13447197168442576,0.8967842235481994,0.18920615924770676,0.9975186104218362
ec2_cpu_utilization_53ea38.csv,iforest,0.22468133583990527,0.1947142949741487,0.8967842235481994,0.2536277802701835,0.9975186104218362
ec2_cpu_utilization_53ea38.csv,MOMENT-zeroshot,0.16754922771044692,0.14981519777643956,0.8063370634882381,0.21546495049924375,0.9877149877149877
ec2_cpu_utilization_5f5533.csv,threshold,0.1278066747872058,0.11310979492891675,0.9724796085054199,0.1815291690721069,1.0
ec2_cpu_utilization_5f5533.csv,iforest,0.25352810892904154,0.23725879163103844,0.974608329473226,0.26006407294839246,1.0
ec2_cpu_utilization_5f5533.csv,MOMENT-zeroshot,0.1833038037324799,0.15571444879854968,0.972857238949974,0.2260621354933902,1.0
ec2_cpu_utilization_77c1ca.csv,threshold,0.12616662439375084,0.1179671639946065,0.7407580028374987,0.18832887245288557,0.9549763033175356
ec2_cpu_utilization_77c1ca.csv,iforest,0.13529236114313578,0.13027023645893968,0.817903323500006,0.21508658166205963,0.991389913899139
ec2_cpu_utilization_77c1ca.csv,MOMENT-zeroshot,0.17615386180458195,0.16872671093132463,0.700806009101555,0.2791633499146235,0.9950617283950617
ec2_cpu_utilization_825cc2.csv,threshold,0.4061968513695232,0.31229440020781396,0.9848652112798475,0.44444040438078664,1.0
ec2_cpu_utilization_825cc2.csv,iforest,0.4416752577041563,0.3500066390697457,0.9826096325731605,0.47509127901692344,1.0
ec2_cpu_utilization_825cc2.csv,MOMENT-zeroshot,0.6627039218184452,0.5641495588660783,0.9844955673407243,0.6317230493778405,1.0
ec2_cpu_utilization_ac20cd.csv,threshold,0.4129760074097496,0.36694144359141295,0.9492336160307302,0.472548706627672,0.8818380743982495
ec2_cpu_utilization_ac20cd.csv,iforest,0.2158845579551003,0.20024312526471988,0.8953647511745276,0.36965542454782563,0.9987608426270136
ec2_cpu_utilization_ac20cd.csv,MOMENT-zeroshot,0.1227973930123002,0.11910775861187416,0.9456408680358475,0.1939238910869791,0.9975247524752475
ec2_cpu_utilization_fe7f93.csv,threshold,0.1888094475738504,0.15055964978563519,0.7153267721474414,0.2250539383240787,0.7917888563049853
ec2_cpu_utilization_fe7f93.csv,iforest,0.1626947783711064,0.17238537708465268,0.8176824727248214,0.1872139539000946,0.8
ec2_cpu_utilization_fe7f93.csv,MOMENT-zeroshot,0.1243991001778994,0.10963886563747713,0.7199345515183115,0.18510616122195062,0.7747489239598279
ec2_disk_write_bytes_1ef3de.csv,threshold,0.11435638663449949,0.10620653133315637,0.7735118458313573,0.18294407117148892,0.9854166666666667
ec2_disk_write_bytes_1ef3de.csv,iforest,0.1536296568108825,0.14582794160531873,0.8091026593455638,0.2652785967940176,0.9947423764458465
ec2_disk_write_bytes_1ef3de.csv,MOMENT-zeroshot,0.16078214209491046,0.1550689944761832,0.7977271961429138,0.23076428347227027,0.9833679833679834
ec2_disk_write_bytes_c0d644.csv,threshold,0.13622421345007,0.1145793598613033,0.7186438523324058,0.18280131808145655,0.7952871870397643
ec2_disk_write_bytes_c0d644.csv,iforest,0.19747938036022122,0.168952933494824,0.7065329930291008,0.262676514092469,0.7860262008733624
ec2_disk_write_bytes_c0d644.csv,MOMENT-zeroshot,0.19995756533282172,0.16844431962742656,0.8094428732360838,0.2772677589991489,0.7976366322008862
ec2_network_in_257a54.csv,threshold,0.10949610491818523,0.1081394829843075,0.9802721812056208,0.1826405339031476,1.0
ec2_network_in_257a54.csv,iforest,0.24106749596223542,0.23490698919898434,0.9804103906909584,0.3004651656425635,1.0
ec2_network_in_257a54.csv,MOMENT-zeroshot,0.5821623254937132,0.5643990174545734,0.9851950782870614,0.5554121856689695,1.0
ec2_network_in_5abac7.csv,threshold,0.1365804494666859,0.11998021122714876,0.8911275510654003,0.1822009194154374,0.978328173374613
ec2_network_in_5abac7.csv,iforest,0.20388575956963653,0.19977263038407128,0.973383381466342,0.3068679988907892,1.0
ec2_network_in_5abac7.csv,MOMENT-zeroshot,0.29943244321819174,0.272253277841402,0.8911275510654003,0.3705715741917259,0.9957983193277311
elb_request_count_8c0756.csv,threshold,0.12944082811651259,0.1188770848375649,0.9749430468959422,0.18132446752310993,1.0
elb_request_count_8c0756.csv,iforest,0.17786696804148386,0.17523824280789674,0.976031241757552,0.18844660457721665,1.0
elb_request_count_8c0756.csv,MOMENT-zeroshot,0.13404530349449295,0.12242382431406734,0.9749430468959422,0.18348926516722847,1.0
grok_asg_anomaly.csv,threshold,0.12383767491652553,0.09710424888534104,0.7526369894961741,0.1829611549978088,0.5166666666666667
grok_asg_anomaly.csv,iforest,0.15876659090868653,0.13754833950319323,0.7916980836524794,0.19761465148886323,0.9577754891864058
grok_asg_anomaly.csv,MOMENT-zeroshot,0.2823600533257184,0.22584617373456137,0.8103506632568822,0.2881924920507657,0.9758656873032528
iio_us-east-1_i-a2eb1cd9_NetworkIn.csv,threshold,0.24844536314825058,0.14082095036571948,0.831268902398276,0.247614247712092,0.9032258064516129
iio_us-east-1_i-a2eb1cd9_NetworkIn.csv,iforest,0.3247738273610391,0.19732298972365037,0.7925171740926318,0.38461038941398856,0.8873239436619719
iio_us-east-1_i-a2eb1cd9_NetworkIn.csv,MOMENT-zeroshot,0.3266393768071897,0.19253189470282728,0.8162410689286161,0.3140836335473737,0.9333333333333333
rds_cpu_utilization_cc0c53.csv,threshold,0.38162694653518486,0.31317205120459013,0.955787021673912,0.446081497129592,1.0
rds_cpu_utilization_cc0c53.csv,iforest,0.3888640847964297,0.3127444092764275,0.9833338548167785,0.370222687393538,1.0
rds_cpu_utilization_cc0c53.csv,MOMENT-zeroshot,0.26009021199062254,0.2187383323555639,0.8150023934665538,0.28369474377886533,0.9901477832512315
rds_cpu_utilization_e47b3b.csv,threshold,0.12233749443356381,0.10455027364588491,0.863395420784949,0.1845234755482254,0.9348837209302325
rds_cpu_utilization_e47b3b.csv,iforest,0.1900870317416088,0.1752261926591474,0.9757887531364374,0.19055508466029275,1.0
rds_cpu_utilization_e47b3b.csv,MOMENT-zeroshot,0.1783198425928989,0.16060281463816373,0.9744383187074087,0.2094444921719661,1.0
