series,mae,rmse,naive_mae,naive_rmse,nmae,naive_nmae
ec2_cpu_utilization_24ae8d.csv,0.019277599995361463,0.029278725027879638,0.017277777777777777,0.03262071598096999,0.20332265709525513,0.18223034440617153
ec2_cpu_utilization_53ea38.csv,0.06363193701779535,0.08043287876838598,0.05944444444444446,0.08773064838850028,0.6271755401478437,0.5859023518772751
ec2_cpu_utilization_5f5533.csv,0.7705206624152289,0.9468125410985262,0.9428333333333345,1.202489500993669,0.17904242800725115,0.21908194995970273
ec2_cpu_utilization_77c1ca.csv,8.159457080001864,8.368514038977949,1.0283888888888888,4.096858186464354,0.30300300670012004,0.03818941901833716
ec2_cpu_utilization_825cc2.csv,1.2304512272343961,1.5517946614749254,2.158555555555556,2.426575914053931,0.10186944163693441,0.17870748902496636
ec2_cpu_utilization_ac20cd.csv,15.301007612998347,15.353429079752477,0.3771111111111149,0.5139887590642896,0.698001819620928,0.017203065864186403
ec2_cpu_utilization_c6585a.csv,0.02124863758011029,0.027983244082873174,0.015722222222222224,0.031960044500038545,0.24936327773867983,0.18450805854673036
ec2_cpu_utilization_fe7f93.csv,2.6304904870794705,2.736276571282135,0.5386111111111112,0.7604291916776706,0.22270232349940344,0.04559984021847404
ec2_disk_write_bytes_1ef3de.csv,4473867.547479762,5515682.9587880615,0.0,0.0,0.11077856130121683,0.0
ec2_disk_write_bytes_c0d644.csv,13655959.040449724,13795174.917547613,63852.13888888889,321319.5096380358,0.17134923416000739,0.0008011898004147224
ec2_network_in_257a54.csv,122117.14792674617,170843.6088154407,14040.833333333334,19310.223342974456,0.02650230807711331,0.003047192773308302
ec2_network_in_5abac7.csv,63328.53946416191,78062.68027668736,39.333333333333336,44.37059837324712,0.0816385333199495,5.070566400374997e-05
elb_request_count_8c0756.csv,54.76181355354789,65.66562803518067,56.916666666666664,67.21503634687042,0.9664184292885812,1.004446566521318
grok_asg_anomaly.csv,9.552861107839359,9.586935897340654,0.2087222222222222,0.2642589218508577,0.7267409857697541,0.015878697682032938
iio_us-east-1_i-a2eb1cd9_NetworkIn.csv,2856991.8613980953,2995097.3825878296,368434.1055555556,459812.9007687185,0.6300925430176575,0.08125594813221923
rds_cpu_utilization_cc0c53.csv,0.7033573436446736,0.8983053055486739,0.9774027777777781,1.282915028471402,0.1925672660496171,0.2675962402989457
rds_cpu_utilization_e47b3b.csv,2.7964460420577013,2.8800009609202233,0.5480555555555551,0.6823394703355343,0.49890285597081907,0.09777641970740321
