series,model,precision,recall,f1
ec2_cpu_utilization_24ae8d.csv,threshold,0.3333333333333333,0.007462686567164179,0.014598540145985401
ec2_cpu_utilization_24ae8d.csv,iforest,0.2846715328467153,0.09701492537313433,0.14471243042671614
ec2_cpu_utilization_24ae8d.csv,lstm_ae,1.0,0.11940298507462686,0.21333333333333335
ec2_cpu_utilization_53ea38.csv,threshold,0.2857142857142857,0.029850746268656716,0.05405405405405406
ec2_cpu_utilization_53ea38.csv,iforest,0.3458646616541353,0.22885572139303484,0.2754491017964072
ec2_cpu_utilization_53ea38.csv,lstm_ae,1.0,0.20398009950248755,0.33884297520661155
ec2_cpu_utilization_5f5533.csv,threshold,1.0,0.004975124378109453,0.009900990099009901
ec2_cpu_utilization_5f5533.csv,iforest,0.08821034775233248,0.5174129353233831,0.15072463768115943
ec2_cpu_utilization_5f5533.csv,lstm_ae,0.05743879472693032,0.3034825870646766,0.09659540775930324
ec2_cpu_utilization_77c1ca.csv,threshold,0.10465116279069768,0.11842105263157894,0.1111111111111111
ec2_cpu_utilization_77c1ca.csv,iforest,0.06217616580310881,0.07894736842105263,0.06956521739130435
ec2_cpu_utilization_77c1ca.csv,lstm_ae,0.13815789473684212,0.13815789473684212,0.13815789473684212
ec2_cpu_utilization_ac20cd.csv,threshold,0.4420131291028446,0.5012406947890818,0.4697674418604651
ec2_cpu_utilization_ac20cd.csv,iforest,0.44820295983086683,0.5260545905707196,0.4840182648401826
ec2_cpu_utilization_ac20cd.csv,lstm_ae,0.43333333333333335,0.4838709677419355,0.45720984759671746
ec2_cpu_utilization_fe7f93.csv,threshold,0.16,0.044444444444444446,0.06956521739130435
ec2_cpu_utilization_fe7f93.csv,iforest,0.2268041237113402,0.08148148148148149,0.11989100817438691
ec2_cpu_utilization_fe7f93.csv,lstm_ae,0.0,0.0,0.0
ec2_disk_write_bytes_1ef3de.csv,threshold,0.3114754098360656,0.040169133192389,0.07116104868913857
ec2_disk_write_bytes_1ef3de.csv,iforest,0.17970401691331925,0.17970401691331925,0.17970401691331925
ec2_disk_write_bytes_1ef3de.csv,lstm_ae,0.1315240083507307,0.266384778012685,0.1761006289308176
ec2_disk_write_bytes_c0d644.csv,threshold,0.13114754098360656,0.02962962962962963,0.04833836858006042
ec2_disk_write_bytes_c0d644.csv,iforest,0.1762295081967213,0.15925925925925927,0.16731517509727625
ec2_disk_write_bytes_c0d644.csv,lstm_ae,0.28859060402684567,0.15925925925925927,0.2052505966587112
ec2_network_in_5abac7.csv,threshold,0.5111111111111111,0.04852320675105485,0.08863198458574181
ec2_network_in_5abac7.csv,iforest,0.43243243243243246,0.16877637130801687,0.24279210925644917
ec2_network_in_5abac7.csv,lstm_ae,0.5133079847908745,0.2848101265822785,0.36635006784260515
elb_request_count_8c0756.csv,threshold,0.3333333333333333,0.029850746268656716,0.0547945205479452
elb_request_count_8c0756.csv,iforest,0.4264705882352941,0.14427860696517414,0.21561338289962825
elb_request_count_8c0756.csv,lstm_ae,1.0,0.23880597014925373,0.3855421686746988
grok_asg_anomaly.csv,threshold,0.09111111111111111,0.5290322580645161,0.15545023696682464
grok_asg_anomaly.csv,iforest,0.09132841328413284,0.6387096774193548,0.15980629539951574
grok_asg_anomaly.csv,lstm_ae,0.08986175115207373,0.5032258064516129,0.15249266862170088
rds_cpu_utilization_cc0c53.csv,threshold,0.3169968717413973,0.7562189054726368,0.446730345334313
rds_cpu_utilization_cc0c53.csv,iforest,0.31079717457114026,0.7661691542288557,0.44221105527638194
rds_cpu_utilization_cc0c53.csv,lstm_ae,0.31360332294911736,0.7512437810945274,0.4424908424908425
rds_cpu_utilization_e47b3b.csv,threshold,0.1001984126984127,0.5024875621890548,0.16708023159636062
rds_cpu_utilization_e47b3b.csv,iforest,0.09488510007412898,0.6368159203980099,0.16516129032258065
rds_cpu_utilization_e47b3b.csv,lstm_ae,0.0,0.0,0.0
