series,model,VUS-PR,AUC-PR,Affiliation-F,Standard-F1
ec2_cpu_utilization_24ae8d.csv,MOMENT-zeroshot,0.13928723721979358,0.11713521704688706,0.7737591371426255,0.1845548010372325
ec2_cpu_utilization_53ea38.csv,MOMENT-zeroshot,0.16754922771044692,0.14981519777643956,0.8063370634882381,0.21546495049924375
ec2_cpu_utilization_5f5533.csv,MOMENT-zeroshot,0.1833038037324799,0.15571444879854968,0.972857238949974,0.2260621354933902
ec2_cpu_utilization_77c1ca.csv,MOMENT-zeroshot,0.17615386180458195,0.16872671093132463,0.700806009101555,0.2791633499146235
ec2_cpu_utilization_825cc2.csv,MOMENT-zeroshot,0.6627039218184452,0.5641495588660783,0.9844955673407243,0.6317230493778405
ec2_cpu_utilization_ac20cd.csv,MOMENT-zeroshot,0.1227973930123002,0.11910775861187416,0.9456408680358475,0.1939238910869791
ec2_cpu_utilization_fe7f93.csv,MOMENT-zeroshot,0.1243991001778994,0.10963886563747713,0.7199345515183115,0.18510616122195062
ec2_disk_write_bytes_1ef3de.csv,MOMENT-zeroshot,0.16078214209491046,0.1550689944761832,0.7977271961429138,0.23076428347227027
ec2_disk_write_bytes_c0d644.csv,MOMENT-zeroshot,0.19995756533282172,0.16844431962742656,0.8094428732360838,0.2772677589991489
ec2_network_in_257a54.csv,MOMENT-zeroshot,0.5821623254937132,0.5643990174545734,0.9851950782870614,0.5554121856689695
ec2_network_in_5abac7.csv,MOMENT-zeroshot,0.29943244321819174,0.272253277841402,0.8911275510654003,0.3705715741917259
elb_request_count_8c0756.csv,MOMENT-zeroshot,0.13404530349449295,0.12242382431406734,0.9749430468959422,0.18348926516722847
grok_asg_anomaly.csv,MOMENT-zeroshot,0.2823600533257184,0.22584617373456137,0.8103506632568822,0.2881924920507657
iio_us-east-1_i-a2eb1cd9_NetworkIn.csv,MOMENT-zeroshot,0.3266393768071897,0.19253189470282728,0.8162410689286161,0.3140836335473737
rds_cpu_utilization_cc0c53.csv,MOMENT-zeroshot,0.26009021199062254,0.2187383323555639,0.8150023934665538,0.28369474377886533
rds_cpu_utilization_e47b3b.csv,MOMENT-zeroshot,0.1783198425928989,0.16060281463816373,0.9744383187074087,0.2094444921719661
