series,model,VUS-PR,AUC-PR,Affiliation-F,PA-F1,Standard-F1
ec2_cpu_utilization_24ae8d.csv,threshold,0.23353688795860508,0.2004042288557214,0.7420098144225723,0.9925925925925926,0.33250343123690085
ec2_cpu_utilization_24ae8d.csv,iforest,0.24295233823547183,0.20767691132450367,0.712540881260525,0.8913525498891353,0.33250343123690085
ec2_cpu_utilization_53ea38.csv,threshold,0.12615745581844565,0.10525497512437812,0.7526180396639421,0.9640287769784173,0.18132446752310993
ec2_cpu_utilization_53ea38.csv,iforest,0.17811545519931382,0.15603802728213567,0.792836369712558,0.8220858895705522,0.2754443091299688
ec2_cpu_utilization_5f5533.csv,threshold,0.12513806229767604,0.10418147358445867,0.9705296532661268,1.0,0.18132446752310993
ec2_cpu_utilization_5f5533.csv,iforest,0.11332671823076682,0.09375625432151011,0.6348037732830574,0.27217332430602575,0.18132446752310993
ec2_cpu_utilization_77c1ca.csv,threshold,0.08899657007857782,0.07886115482504712,0.7596090237911471,0.6608315098468271,0.14022009832233293
ec2_cpu_utilization_77c1ca.csv,iforest,0.08418335034290655,0.07435308911311092,0.7074488487139333,0.6239669421487604,0.14022009832233293
ec2_cpu_utilization_ac20cd.csv,threshold,0.3655794599213607,0.32125734888978696,0.879119319093815,0.7596606974552309,0.46976246162662216
ec2_cpu_utilization_ac20cd.csv,iforest,0.3746253699064217,0.3305212880184748,0.8814946903441585,0.7553889409559512,0.48401329681815786
ec2_cpu_utilization_fe7f93.csv,threshold,0.1759507766089466,0.1350873015873016,0.713341066591734,0.5769230769230769,0.23621838925514987
ec2_cpu_utilization_fe7f93.csv,iforest,0.17887163861948777,0.1414962090219822,0.7138025007862824,0.5625,0.23621838925514987
ec2_disk_write_bytes_1ef3de.csv,threshold,0.22097418105380703,0.20447787058538108,0.7532267972972,0.9574898785425101,0.3333305555787035
ec2_disk_write_bytes_1ef3de.csv,iforest,0.21145479116978777,0.1968445161529617,0.7067470325746023,0.7172100075815011,0.3333305555787035
ec2_disk_write_bytes_c0d644.csv,threshold,0.1756001747594493,0.1338461705264984,0.4910951869098863,0.5895196506550219,0.23621838925514987
ec2_disk_write_bytes_c0d644.csv,iforest,0.17989280071012131,0.14089733919279374,0.5624491940730787,0.4470198675496689,0.23621838925514987
ec2_network_in_5abac7.csv,threshold,0.24966285855922513,0.21549842453581047,0.8879268891434919,0.977319587628866,0.3339176128384841
ec2_network_in_5abac7.csv,iforest,0.27053105294027296,0.2395805712850164,0.8395625209041067,0.9002849002849003,0.3339176128384841
elb_request_count_8c0756.csv,threshold,0.1271091132277964,0.10667643923240938,0.7954163640811077,0.9710144927536232,0.18132446752310993
elb_request_count_8c0756.csv,iforest,0.1648707089930339,0.14684804269966695,0.8295676999904653,0.9115646258503401,0.2156096052402456
grok_asg_anomaly.csv,threshold,0.10378277448143948,0.07978877396400882,0.7679612341974258,0.274822695035461,0.1554477303250052
grok_asg_anomaly.csv,iforest,0.10733303033067193,0.0825642756155371,0.7503969178012879,0.23938223938223938,0.15980410641638662
rds_cpu_utilization_cc0c53.csv,threshold,0.36299185189006283,0.2883301384976404,0.8139321061026383,0.5510623714873201,0.4467261828332361
rds_cpu_utilization_cc0c53.csv,iforest,0.35752658144837823,0.28475019250487266,0.8008709106984865,0.5406859448554135,0.44220694923390486
rds_cpu_utilization_e47b3b.csv,threshold,0.12104964059711922,0.09995163073521282,0.7055410003508015,0.30710466004583653,0.18132446752310993
rds_cpu_utilization_e47b3b.csv,iforest,0.11610800617310958,0.09663465979608118,0.6856170427909475,0.2476894639556377,0.18132446752310993
